pk,shortcode,url,type,format,carousel_count,datetime_utc,date,time,day_of_week,iso_week,month,caption_length,hashtag_count,likes,comments,views,interactions,engagement_per_view,caption
3733467715756575475,DPP8RtSD0rz,https://www.instagram.com/p/DPP8RtSD0rz/,post,carousel,4,2025-10-01T02:00:00Z,2025-10-01,12:00,Wednesday,2025-W40,2025-10,608,13,102,25,,127,,"🚨 HEADS UP ! IT’S RECRUITMENT SZN ! 🚨 MoMU wants YOU on our team this 25/26 term 🔥 Whether you’re into planning events, securing sponsors or creating publicity, there’s a place for you in MoMU 🇲🇾 This is an amazing opportunity to foster new bonds and create unforgettable memories with fellow momuians alike so don’t miss out !!  🖇️ Click the link in our BIO to sign up   🚨Applications close on October 6, 2025 at 11:59PM AEST 📆  #momuians #lifeatunimelb #unimelb #melbourneuni #melbourneuniversity #universityofmelbourne #unilife #melbuni #campuslife #studyinaustralia #studyinmelbourne #malaysian #malaysia"
3735656873824608832,DPXuCJnD-JA,https://www.instagram.com/p/DPXuCJnD-JA/,post,carousel,7,2025-10-04T02:30:00Z,2025-10-04,12:30,Saturday,2025-W40,2025-10,643,13,74,20,,94,,"T-minus 3 DAYS till applications close !! ⏳ Being part of MoMU isn’t just about the events, it’s about the friendships, growth and memories you’ll create that will stay with you forever !  Are you still on the fence? Check out what our previous officers shared about their experience in MoMU 🔥 Don’t miss out on your chance to create the same experience for yourself !!  🚨 Applications close on October 6, 2025 at 11:59pm 🚨  🖇️ Sign up through the link in our BIO  #momuians #lifeatunimelb #unimelb #melbourneuni #melbourneuniversity #universityofmelbourne #unilife #melbuni #campuslife #studyinaustralia #studyinmelbourne #malaysian #malaysia"
3736336289424711116,DPaIg8sj53M,https://www.instagram.com/p/DPaIg8sj53M/,reel,video,,2025-10-05T01:00:00Z,2025-10-05,12:00,Sunday,2025-W40,2025-10,541,13,94,14,9719,108,0.0111,"🚨 2 DAYS LEFT 🚨  MoMU’s recruitment is closing in less than 48 hours and this is YOUR SIGN to join us this year ! You’ve seen our posts, you’ve been to our events, now it’s time to be a part of it all 🔥   Don’t wait for “maybe next year”, make it happen THIS YEAR !   ⏰Applications close October 6, 2025 at 11:59pm  🖇️ Click the link in our BIO to sign up now !  #momuians #lifeatunimelb #unimelb #melbourneuni #melbourneuniversity #universityofmelbourne #unilife #melbuni #campuslife #studyinaustralia #studyinmelbourne #malaysian #malaysia"
3737061203593078686,DPctV1oDyee,https://www.instagram.com/p/DPctV1oDyee/,post,carousel,7,2025-10-06T01:00:00Z,2025-10-06,12:00,Monday,2025-W41,2025-10,542,13,110,11,,121,,"🚨 IT’S NOW OR NEVER 🚨 Officer recruitment closes TONIGHT !!   Check out our awesome teams from 2024/2025 and the memories they’ve created !! You’ve seen the posts and heard the hype, now it’s your turn to hit submit and thank yourself later 🔥🔥  ⏰ Clock’s ticking ! Application closes TONIGHT October 6, 2025 at 11:59pm  🖇️ SIGN UP NOW through the link in our BIO  #momuians #lifeatunimelb #unimelb #melbourneuni #melbourneuniversity #universityofmelbourne #unilife #melbuni #campuslife #studyinaustralia #studyinmelbourne #malaysian #malaysia"
3737313554254100400,DPdmuBfkXew,https://www.instagram.com/p/DPdmuBfkXew/,post,image,,2025-10-06T09:21:55Z,2025-10-06,20:21,Monday,2025-W41,2025-10,458,13,55,1,,56,,"Under the same moon, we celebrate the Mid-Autumn Festival together 🌕 MoMU wishes you a beautiful Mid-Autumn Festival for all Malaysians in a home away from home !  May your night be filled with mooncakes, laughter and the glow of lanterns with friends and family, near and far 🏮  #momuians #lifeatunimelb #unimelb #melbourneuni #melbourneuniversity #universityofmelbourne #unilife #melbuni #campuslife #studyinaustralia #studyinmelbourne #malaysian #malaysia"
3740923892916648557,DPqbnXZEXpt,https://www.instagram.com/p/DPqbnXZEXpt/,reel,video,,2025-10-11T08:58:10Z,2025-10-11,19:58,Saturday,2025-W41,2025-10,346,12,196,22,13886,218,0.0157,DAY 2 OF OFFICER RECRUITMENT INTERVIEWS HAS ENDED! I hope you enjoy our interview fits as much as we enjoyed your interviews !! Good luck to all our day 3 applicants tomorrow 🔥  #lifeatunimelb #unimelb #melbourneuni #melbourneuniversity #universityofmelbourne #unilife #melbuni #campuslife #studyinaustralia #studyinmelbourne #malaysian #malaysia
3747238464875103539,DQA3Yezj4Uz,https://www.instagram.com/p/DQA3Yezj4Uz/,post,image,,2025-10-20T02:00:56Z,2025-10-20,13:00,Monday,2025-W43,2025-10,299,13,91,20,,111,,"MoMU wishes everyone a bright and wonderful Deepavali !! 🪔 May your celebrations be filled with light, colour and joy 💛  #momuians #lifeatunimelb #unimelb #melbourneuni #melbourneuniversity #universityofmelbourne #unilife #melbuni #campuslife #studyinaustralia #studyinmelbourne #malaysian #malaysia"
3748174235169784594,DQEMJuzkQMS,https://www.instagram.com/p/DQEMJuzkQMS/,reel,video,,2025-10-21T09:00:00Z,2025-10-21,20:00,Tuesday,2025-W43,2025-10,216,13,126,30,11892,156,0.0131,Our Marketing Minions looking tuff 😛  #momuians #lifeatunimelb #unimelb #melbourneuni #melbourneuniversity #universityofmelbourne #unilife #melbuni #campuslife #studyinaustralia #studyinmelbourne #malaysian #malaysia
3751073263771424221,DQOfUJlj5Xd,https://www.instagram.com/p/DQOfUJlj5Xd/,reel,video,,2025-10-25T09:00:00Z,2025-10-25,20:00,Saturday,2025-W43,2025-10,150,11,240,53,9859,293,0.0297,the silence is loud guys…  #unimelb #student #relatable #university #momuians #lifeatunimelb #uni #universityofmelbourne #unilife #malaysia #melbourne
3754697564055768188,DQbXYqQkYx8,https://www.instagram.com/p/DQbXYqQkYx8/,post,image,,2025-10-30T09:00:00Z,2025-10-30,20:00,Thursday,2025-W44,2025-10,647,12,127,27,,154,,🚨PARTY PEOPLE WHERE YOU AT ‼️ MoMU x DES presents you with an END OF EXAMS PARTY at D1!!   Wrap up your semester and treat yourself and your friends at the BIGGEST POST-FINALS PARTY🔥🔥  📌 District 1 Melbourne 📆 Party with us on 21/11/2025 🕦 Entry 10:00pm - 11:30pm 💸 $20 off ! USE CODE ‘MoMU’ or ‘DES’ 🎟️ Early Bird $45 | Regular $50 🍸FREE WELCOME DRINK (arrival before 10:30pm) 🔗 Link in BIO to grab your ticket now!  GET YOUR TICKETS NOW BEFORE IT’S SOLD OUT ‼️ See you party people on the dance floor 😙  #unimelb #student #relatable #university #momuians #lifeatunimelb #uni #universityofmelbourne #unilife #studyinmelbourne #malaysia #melbourne
3754697341690425909,DQbXVbKj7I1,https://www.instagram.com/p/DQbXVbKj7I1/,reel,video,,2025-10-30T09:00:00Z,2025-10-30,20:00,Thursday,2025-W44,2025-10,174,11,176,25,8639,201,0.0233,productivity during swotvac 🔛🔝  #unimelb #student #relatable # university #momuians #lifeatunimelb #uni #universityofmelbourne #unilife #studyinmelbourne #malaysia #melbourne
3756871701272701386,DQjFuhVE6nK,https://www.instagram.com/p/DQjFuhVE6nK/,reel,video,,2025-11-02T09:00:00Z,2025-11-02,20:00,Sunday,2025-W44,2025-11,470,12,119,32,12796,151,0.0118,Spill the TEA about MoMU x DES BIGGEST END OF EXAMS PARTY with your friends 🫢‼️  Party details: 📌 District 1 Melbourne 📆 Party with us on 21/11/2025 🕦 Entry 10:00pm - 11:30pm 💸 $20 off ! USE CODE ‘MoMU’ or ‘DES’ 🎟️ Early Bird $45 | Regular $50 🍸FREE WELCOME DRINK (arrival before 10:30pm) 🔗 Link in BIO to grab your ticket now!  #unimelb #student #relatable #university #momuians #lifeatunimelb #uni #universityofmelbourne #unilife #studyinmelbourne #malaysia #melbourne
3757354870111436528,DQkzljYE37w,https://www.instagram.com/p/DQkzljYE37w/,post,image,,2025-11-03T01:00:26Z,2025-11-03,12:00,Monday,2025-W45,2025-11,340,12,76,12,,88,,"May your pens never run out, your brain never lag,  and your exam questions actually make sense 😩📖 May your Okta Verify codes always come through on time too 😆🔐 MoMU wishes you the best of luck! 💪✨  #unimelb #student #relatable #university #momuians #lifeatunimelb #uni #universityofmelbourne #unilife #studyinmelbourne #malaysia #melbourne"
3759046684950236842,DQq0QsukY6q,https://www.instagram.com/p/DQq0QsukY6q/,reel,video,,2025-11-05T09:02:00Z,2025-11-05,20:02,Wednesday,2025-W45,2025-11,516,12,72,17,7798,89,0.0114,Not even a SERIAL KILLER 😈🔪💀 can stop me from going to THE BIGGEST EOX PARTY IN TOWN 🎊💃🤑 see you guys at MoMU x DES EOX !!! 🥳  Party details: 📌 District 1 Melbourne 📆 Party with us on 21/11/2025 🕐 Entry 10:00pm - 11:30pm 💸 $20 off ! USE CODE 'MoMU' or 'DES' 🎟 Early Bird $45 | Regular $50 🍸 FREE WELCOME DRINK (arrival before 10:30pm) 🔗 Link in BIO to grab your ticket now!  #unimelb #student #relatable #university #momuians #lifeatunimelb #uni #universityofmelbourne #unilife #studyinmelbourne #malaysia #melbourne
3761948118121145024,DQ1H-G8D2LA,https://www.instagram.com/p/DQ1H-G8D2LA/,reel,video,,2025-11-09T09:06:50Z,2025-11-09,20:06,Sunday,2025-W45,2025-11,621,12,82,28,9267,110,0.0119,"Try not to get caught on camera... or worse, caught without a ticket 🎟️ End of exams are around the corner, don’t be the one hiding when the party starts ‼️🔥  📌 District 1 Melbourne 📆 Party with us on 21/11/2025 🕦 Entry 10:00pm - 11:30pm 💸 $20 off ! USE CODE ‘MoMU’ or ‘DES’ 🎟️ Early Bird $45 | Regular $50 🍸FREE WELCOME DRINK (arrival before 10:30pm) 🔗 Link in BIO to grab your ticket now!  GET YOUR TICKETS NOW BEFORE IT’S SOLD OUT ‼️ See you party people on the dance floor 😙  #unimelb #student #relatable #university #momuians #lifeatunimelb #uni #universityofmelbourne #unilife #studyinmelbourne #malaysia #melbourne"
3764844723472286899,DQ_alQ5EcSz,https://www.instagram.com/p/DQ_alQ5EcSz/,reel,video,,2025-11-13T09:01:57Z,2025-11-13,20:01,Thursday,2025-W46,2025-11,475,15,104,31,8850,135,0.0153,No excuses when it comes to MoMu x DES EOX 🤫 🔥See you all there!! 🥳💥  📌 District 1 Melbourne 📆 Party with us on 21/11/2025 🕦 Entry 10:00pm - 11:30pm 💸 $20 off ! USE CODE ‘MoMU’ or ‘DES’ 🎟️ Early Bird $45 | Regular $50 🍸FREE WELCOME DRINK (arrival before 10:30pm) 🔗 Link in BIO to grab your ticket now!  #unimelb #student #relatable #university #momuians #lifeatunimelb #uni #universityofmelbourne #unilife #studyinmelbourne #malaysia #melbourne#eox #studentlife #melbourneuni
3765566978133185708,DRB-zc9kdSs,https://www.instagram.com/p/DRB-zc9kdSs/,reel,video,,2025-11-14T09:00:03Z,2025-11-14,20:00,Friday,2025-W46,2025-11,197,12,149,46,7522,195,0.0259,Uni couples acting like they’re in a Netflix original.  #unimelb #student #relatable #university #momuians #lifeatunimelb #uni #universityofmelbourne #unilife #studyinmelbourne #malaysia #melbourne
3767035574797539960,DRHMuWMERp4,https://www.instagram.com/p/DRHMuWMERp4/,reel,video,,2025-11-16T09:34:49Z,2025-11-16,20:34,Sunday,2025-W46,2025-11,416,12,102,20,8654,122,0.0141,"5 days left till MoMU x DES EOX… Melbourne, get ready 😤🔥  📍 District 1 Melbourne 📅 21/11/2025 (Friday) ⏰ Entry 10:00pm – 11:30pm 💸 $20 OFF with code ‘MoMU’ or ‘DES’ 🎟️ Early Bird $45 | Regular $50 🍸 FREE welcome drink (before 10:30pm!) 🔗 Link in bio — secure your spot now!  #unimelb #student #relatable #university #momuians #lifeatunimelb #uni #universityofmelbourne #unilife #studyinmelbourne #malaysia #melbourne"
3769196024615983562,DRO39B4DNnK,https://www.instagram.com/p/DRO39B4DNnK/,reel,video,,2025-11-19T09:06:57Z,2025-11-19,20:06,Wednesday,2025-W47,2025-11,457,12,78,15,6495,93,0.0143,"🚨D-2 DAYS UNTIL EOX and we’re dueling over who’s combo is better, cause if we don’t match at EOX, what’s the POINT?!   📌 District 1 Melbourne 📆 Party with us on 21/11/2025 🕦 Entry 10:00pm - 11:30pm 🎟️ $25! USE CODE ‘MoMU’ or ‘DES’ 🍸FREE WELCOME DRINK (arrival before 10:30pm) 🔗 Link in BIO to grab your ticket now!  #unimelb #student #relatable #university #momuians #lifeatunimelb #uni #universityofmelbourne #unilife #studyinmelbourne #malaysia #melbourne"
3774266526758038317,DRg42i_D2st,https://www.instagram.com/p/DRg42i_D2st/,reel,video,,2025-11-26T09:00:57Z,2025-11-26,20:00,Wednesday,2025-W48,2025-11,169,12,302,30,8618,332,0.0385,this feeling when 🤩🤩🤩 >>>   #unimelb #student #relatable #university #momuians #lifeatunimelb #uni #universityofmelbourne #unilife #studyinmelbourne #malaysia #melbourne
3779430404634811753,DRzO-3BkZ1p,https://www.instagram.com/p/DRzO-3BkZ1p/,reel,video,,2025-12-03T12:00:00Z,2025-12-03,23:00,Wednesday,2025-W49,2025-12,61,3,61,16,5315,77,0.0145,Stress? Not on MOMU’s watch 🧹😮‍💨 #unimelb #student #relatable
3784473452682885292,DSFJo3hDzis,https://www.instagram.com/p/DSFJo3hDzis/,reel,video,,2025-12-10T11:00:45Z,2025-12-10,22:00,Wednesday,2025-W50,2025-12,71,3,107,32,7235,139,0.0192,Anything for a fellow momuian in need 🐺🤜💥  #unimelb #student #relatable
3787372560582130650,DSPc0cJjzva,https://www.instagram.com/p/DSPc0cJjzva/,reel,video,,2025-12-14T11:00:59Z,2025-12-14,22:00,Sunday,2025-W50,2025-12,233,12,87,14,4246,101,0.0238,Bored in Melbourne? Try some of these MoMU-approved activities to fill up your summer! 😄☀️  #unimelb #student #relatable #university #momuians #lifeatunimelb #uni #universityofmelbourne #unilife #studyinmelbourne #malaysia #melbourne
3789546862291136147,DSXLMsajy6T,https://www.instagram.com/p/DSXLMsajy6T/,reel,video,,2025-12-17T11:00:00Z,2025-12-17,22:00,Wednesday,2025-W51,2025-12,51,3,101,9,9198,110,0.012,but they’re girlies 😻  #unimelb #student #relatable
3790997123605978173,DScU8xhD9w9,https://www.instagram.com/p/DScU8xhD9w9/,reel,video,,2025-12-19T11:02:35Z,2025-12-19,22:02,Friday,2025-W51,2025-12,167,5,127,10,5568,137,0.0246,Finally back from Melbourne? Malaysia’s just as fun! Here are some activities you can do while you’re back home ☺️   #unimelb #student #relatable #university #momuians
3793895758924683341,DSmoBeBkRhN,https://www.instagram.com/p/DSmoBeBkRhN/,reel,video,,2025-12-23T11:00:00Z,2025-12-23,22:00,Tuesday,2025-W52,2025-12,46,3,81,13,7301,94,0.0129,oh she serious 🫢  #unimelb #student #relatable
3795141561861247761,DSrDSSbD5MR,https://www.instagram.com/p/DSrDSSbD5MR/,post,image,,2025-12-25T04:15:51Z,2025-12-25,15:15,Thursday,2025-W52,2025-12,132,3,39,7,,46,,"From our MoMU family to yours, Merry Christmas.🎄❤️ Thank you for being part of an unforgettable year! ✨  #malaysia #unimelb #student"
3798969152518980479,DS4plEAj4N_,https://www.instagram.com/p/DS4plEAj4N_/,reel,video,,2025-12-30T11:00:57Z,2025-12-30,22:00,Tuesday,2026-W01,2025-12,81,5,90,16,7130,106,0.0149,nothing is breaking us up 😤😤   #unimelb #student #relatable #university #momuians
3805492318666065551,DTP0xn5kYaP,https://www.instagram.com/p/DTP0xn5kYaP/,reel,video,,2026-01-08T11:01:42Z,2026-01-08,22:01,Thursday,2026-W02,2026-01,107,5,103,10,9729,113,0.0116,When your mouth forgets how to be human for 3 seconds 😭  #unimelb #student #relatable #university #momuians
3812045279009569766,DTnGvvzEfvm,https://www.instagram.com/p/DTnGvvzEfvm/,reel,video,,2026-01-17T12:00:00Z,2026-01-17,23:00,Saturday,2026-W03,2026-01,87,5,97,9,5830,106,0.0182,I swear it was just a coincidence 😭  #unimelb #student #relatable #university #momuians
3816363640572947338,DT2coLaESuK,https://www.instagram.com/p/DT2coLaESuK/,reel,video,,2026-01-23T11:00:00Z,2026-01-23,22:00,Friday,2026-W04,2026-01,70,4,271,11,18372,282,0.0153,They made a reel…  #unimelb #student #relatable # university #momuians
3822162741075847250,DULDMMnjyhS,https://www.instagram.com/p/DULDMMnjyhS/,reel,video,,2026-01-31T11:02:31Z,2026-01-31,22:02,Saturday,2026-W05,2026-01,183,5,94,7,3718,101,0.0272,2025 Momu Olympics THROWBACK TIME!!  Energy + talent on full display. Proof Momuians are just built different 😮‍💨💪🐯  #unimelb #momuians #universityofmelbourne #lifeatunimelb #olympics
3827960081657352474,DUfpWmxj9Ea,https://www.instagram.com/p/DUfpWmxj9Ea/,post,image,,2026-02-08T11:00:00Z,2026-02-08,22:00,Sunday,2026-W06,2026-02,666,4,79,13,,92,,"Semester starting? Stress later 🚀  MoMU is bringing everyone back together for our Start of Semester Party, and your name is on the list!   📍District 1 (113 Queen St, Melbourne VIC 3000) 📆 6 March 2026 🕚 Entry 9:00pm - 10:30pm (9-10 exclusively for MoMU only)❗️ENTER BEFORE 10 FOR A FREE DRINK🍹❗️ 🎟️ Early Bird $25 | Regular $35 | VIP $40 (GET 2 FREE DRINKS + 1 WP SHOT) 💃 Dress code: Black and White  🖇️ Link in BIO to grab your ticket now !!   Come meet new faces and catch up with friends as we start the semester strong 🔥  P.S. there’s gonna be FREE FOOD & unbeatable vibes as we start the semester together !! 🍕🍕  #unimelb #district1 #startofsemesterparty #momu"
3830132537327341634,DUnXT_yD9BC,https://www.instagram.com/p/DUnXT_yD9BC/,reel,video,,2026-02-11T11:00:24Z,2026-02-11,22:00,Wednesday,2026-W07,2026-02,460,5,75,10,6619,85,0.0128,"We should all go workout at the SOS party on the 6th of March 2026 at District 1! 🤩😝   📍District 1 (113 Queen St, Melbourne VIC 3000) 📆 6 March 2026 🕚 Entry 9:00pm - 10:30pm (9-10 exclusively for MoMU only)❗️ENTER BEFORE 10 FOR A FREE DRINK🍹❗️ 🎟️ Early Bird $25 | Regular $35 | VIP $40 (GET 2 FREE DRINKS + 1 WET PUSSY SHOT) 💃 Dress code: Black and White  🖇️ Link in BIO to grab your ticket now !!   #unimelb #district1 #startofsemesterparty #momuians #student"
3832262957036804635,DUu7trwERob,https://www.instagram.com/p/DUu7trwERob/,post,image,,2026-02-14T09:29:33Z,2026-02-14,20:29,Saturday,2026-W07,2026-02,772,5,91,28,,119,,"Think you've got what it takes? 🕵‍♂️🕵‍♀️  Gather your team and dive into ALAMAK ADVENTURES 😱, a fun-filled treasure hunt packed with twists, laughs and prizes 🗺✨️New to Melbourne⁉️ Meet your fellow MoMUians and create fresh new friendships and memories together🔥  ⚠️ Important:  ✔️ Be prepared for physical/outdoor activities  ✔️ Wear activewear & closed shoes ✔️ Bring extra clothes if you don’t want to stay sweaty  💰 $8 for members | $12 for non-members  📍Unimelb Building 189 (Market Hall) G01 & G02 📆 8 March 🕑 12:30-5PM 🔗 Link in bio to sign up !  Tag your teammates and get ready to shout Alamak! 🤑🤑🤑Refreshments provided‼️‼️‼️   WORK HARD PLAY HARD💪 The winning team will have a chance at scoring AMAZING PRIZES 🏆  #unimelb #student #relatable #university #momuian"
3832976318439473911,DUxd6dVEcL3,https://www.instagram.com/p/DUxd6dVEcL3/,reel,video,,2026-02-15T09:09:43Z,2026-02-15,20:09,Sunday,2026-W07,2026-02,305,5,63,21,4064,84,0.0207,A mystery has appeared on campus... 👀  Will you be the one to crack the case at ALAMAK ADVENTURE and claim the prize?😱  📍Unimelb Building 189 (Market Hall) G01 & G02 📆 8.3.2026 🕑 12.30-5pm  💰 $8 for members | $12 for non-members  Link in bio to sign up!  #unimelb #student #relatable #university #momuians
3834181282662675931,DU1v4_tj3Xb,https://www.instagram.com/p/DU1v4_tj3Xb/,post,image,,2026-02-17T01:00:00Z,2026-02-17,12:00,Tuesday,2026-W08,2026-02,297,5,67,8,,75,,MoMU wishes you a Happy Chinese New Year 🧧 🧨 We hope the new year brings you and your family a prosperous and fulfilling year ahead !! Spend a blessed week with your family and friends as we wait to see each of you back in Melbourne soon !! 🎆  #momu #lunarnewyear #chinesenewyear #student #unimelb
3835147013902666529,DU5LePBEYsh,https://www.instagram.com/p/DU5LePBEYsh/,reel,video,,2026-02-18T08:59:56Z,2026-02-18,19:59,Wednesday,2026-W08,2026-02,122,5,77,9,4294,86,0.02,Praying for everyone in this position rn 🙏🙏  #unimelb #lifeatunimelb #studentlife #universityofmelbourne #studyinmelbourne
3835893313166245818,DU71KUXkf-6,https://www.instagram.com/p/DU71KUXkf-6/,reel,video,,2026-02-19T09:46:57Z,2026-02-19,20:46,Thursday,2026-W08,2026-02,75,5,59,12,3753,71,0.0189,There are no excuses!!!  #unimelb #student #relatable #university #momuians
3836603845519175396,DU-Wt7MEW7k,https://www.instagram.com/p/DU-Wt7MEW7k/,post,image,,2026-02-20T09:14:40Z,2026-02-20,20:14,Friday,2026-W08,2026-02,661,5,62,14,,76,,"🔥🌴 CAMPUS JUST GOT LOUDER 🌴🔥  Sun’s out and we’re bringing all the summer vibes to campus during O-Week 😎✨ Come find us at our MoMU Summer Fest booth for chill chats, friendly faces, and a chance to get to know what MoMU is all about 💚 Whether you’re brand new or just browsing, swing by to hang out, ask questions, learn how to become a member, and see how you can get involved 👀🌺  📍 Dates & Locations: ⏰ 11am – 3pm (all days) 🟠 24 Feb (Tue) – Market Hall 🟡 25 Feb (Wed) – South Lawn 🟢 26 Feb (Thu) – South Lawn  Bring your friends along and soak up the good energy. We can’t wait to meet you 💥  #student #unimelb #orientationweek #studyinmelbourne #summerfest"
3837322404738215138,DVA6GVnEazi,https://www.instagram.com/p/DVA6GVnEazi/,reel,video,,2026-02-21T09:01:51Z,2026-02-21,20:01,Saturday,2026-W08,2026-02,402,5,84,19,4888,103,0.0211,Don’t be like him 🫵🏻 Join us at MoMU’s ALAMAK ADVENTURE   ⚠️ Important:  ✔️ Be prepared for physical/outdoor activities  ✔️ Wear activewear & closed shoes ✔️ Bring extra clothes if you don’t want to stay sweaty  💰 $8 for members | $12 for non-members  📍Unimelb Building 189 (Market Hall) G01 & G02 📆 8 March 🕑 12:30-5PM 🔗 Link in bio to sign up !  #unimelb #studentlife #momuians #relatable #university
3838771240895458662,DVGDhrbjy1m,https://www.instagram.com/p/DVGDhrbjy1m/,reel,video,,2026-02-23T09:00:00Z,2026-02-23,20:00,Monday,2026-W09,2026-02,88,5,78,16,5222,94,0.018,goldfish attention span  #unimelb #momuians #universityofmelbourne #studentlife #unilife
3838786084294165770,DVGG5rbEQUK,https://www.instagram.com/p/DVGG5rbEQUK/,post,carousel,4,2026-02-23T09:29:43Z,2026-02-23,20:29,Monday,2026-W09,2026-02,302,5,69,4,,73,,Collect. Stamp. Repeat. 🎟️🌺  Why just attend when you can get rewarded for it? Bring your loyalty card to every event and let the stamps stack up ! 6 stamps = FREE membership next year 👀  🔗 Link in Bio to sign up for your membership ! 💥  #loyaltyprogram #students #unimelb #studyinmelbourne #membership
3839497090075004829,DVIokLKEQ-d,https://www.instagram.com/p/DVIokLKEQ-d/,reel,video,,2026-02-24T09:02:29Z,2026-02-24,20:02,Tuesday,2026-W09,2026-02,119,5,71,16,3844,87,0.0226,Want one? Swing by our O-Week stand to cop yours 🔥🔥🔥  #unimelb #momuians #universityofmelbourne #unilife #lifeatunimelb
3839497315644717321,DVIondPEbkJ,https://www.instagram.com/p/DVIondPEbkJ/,reel,video,,2026-02-24T09:03:06Z,2026-02-24,20:03,Tuesday,2026-W09,2026-02,184,5,87,14,4883,101,0.0207,Hear what some Momuians have to say 👀 We can’t wait to meet more of you at our O-Week booth tomorrow + the day after!  #unimelb #momuians #universityofmelbourne #unilife #lifeatunimelb
3840221846680178345,DVLNWxWEQ6p,https://www.instagram.com/p/DVLNWxWEQ6p/,reel,video,,2026-02-25T09:03:24Z,2026-02-25,20:03,Wednesday,2026-W09,2026-02,374,5,92,19,6749,111,0.0164,Be there! Or be square! 🫵🏻❗️  ⚠️ Important:  ✔️ Be prepared for physical/outdoor activities  ✔️ Wear activewear & closed shoes ✔️ Bring extra clothes if you don’t want to stay sweaty  💰 $8 for members | $12 for non-members  📍Unimelb Building 189 (Market Hall) G01 & G02 📆 8 March 🕑 12:30-5PM 🔗 Link in bio to sign up !  #unimelb #studentlife #momuians #relatable #university
3840222920296219189,DVLNmZOkcI1,https://www.instagram.com/p/DVLNmZOkcI1/,reel,video,,2026-02-25T09:10:20Z,2026-02-25,20:10,Wednesday,2026-W09,2026-02,163,4,68,13,4378,81,0.0185,Get your MoMU membership now ‼️ Catch us tomorrow (25th Feb) at South Lawn 🇲🇾 Find your Malaysian family away from home 🫶  #unimelb #student #relatable #university
3840945635444205658,DVNx7SKPSha,https://www.instagram.com/p/DVNx7SKPSha/,reel,video,,2026-02-26T08:55:58Z,2026-02-26,19:55,Thursday,2026-W09,2026-02,414,5,97,33,6896,130,0.0189,"New semester, new energy 💃✨ See you at SOS 😉🔥   📍District 1 (113 Queen St, Melbourne VIC 3000) 📆 6 March 2026 🕚 Entry 9:00pm - 10:30pm (9-10 exclusively for MoMU only)❗️ENTER BEFORE 10 FOR A FREE DRINK🍹❗️ 🎟️ Early Bird $25 | Regular $35 | VIP $40 (GET 2 FREE DRINKS + 1 WP SHOT) 💃 Dress code: Black and White  🖇️ Link in BIO to grab your ticket now !!   #unimelb #district1 #startofsemesterparty #momuians #student"
3843059712347202490,DVVSnJtEeO6,https://www.instagram.com/p/DVVSnJtEeO6/,post,image,,2026-03-01T07:00:00Z,2026-03-01,18:00,Sunday,2026-W09,2026-03,741,5,106,16,,122,,"Raya vibes but make it a home away from home core 💚🏡🌺  Join us for a cozy evening filled with mingling, games, fun and of course…good food 😋 ! Whether you’re coming with friends or flying solo, it’ll be a night of meeting new faces and bonding !   What can you expect? 👀 💬 Casual socialising (with our colour-cup system, you can choose the vibe you’re going for !) 🎲 Fun games and trivia 🍰 Food, drinks and prizes to be won !  Can’t wait? Us too !! 📅 20 March 2026 ⏰ 5-8pm 📌 380 Melbourne, 7th Floor Common Room 🎟️ Members $5 | Non-members $8  Dress comfy !! P.S. green, white or pink is encouraged (but not essential 😉)  Come and celebrate Raya with us !! Link in BIO to get your tickets 🎟️   #openhouse #hariraya #unimelb #student #explore"
3843784341235648485,DVX3X48j0fl,https://www.instagram.com/p/DVX3X48j0fl/,reel,video,,2026-03-02T07:00:00Z,2026-03-02,18:00,Monday,2026-W10,2026-03,555,5,99,20,7244,119,0.0164,The FOMO always hits hard 💔   ⚠️ Important:  ✔️ Be prepared for physical/outdoor activities  ✔️ Wear activewear & closed shoes ✔️ Bring extra clothes if you don’t want to stay sweaty  💰 $8 for members | $12 for non-members  📍Unimelb Building 189 (Market Hall) G01 & G02 📆 8 March 🕑 12:30-5PM 🔗 Link in bio to sign up !  Refreshments provided and the winning team will have a chance at scoring PRIZES 🏆🤩  Make sure to grab your tickets while you still can!! Alamak Adventure is happening this week 😉  #unimelb #student #relatablevideos #university #momuian
3845067339503711397,DVcbF-MkzSl,https://www.instagram.com/p/DVcbF-MkzSl/,post,carousel,4,2026-03-04T01:29:27Z,2026-03-04,12:29,Wednesday,2026-W10,2026-03,285,5,72,16,,88,,"MoMU Officer Recruitment is officially OPEN 💙  If you love planning events, securing deals, creating content or designing creative graphics…WE WANT YOU !!   Closes 11:59PM, 10th March ⏰ Take the leap! Don’t say we didn’t tell you 🤩  #momu #student #studyinmelbourne #relatable #explore"
3846749031607570911,DViZd0BDBHf,https://www.instagram.com/p/DViZd0BDBHf/,reel,video,,2026-03-06T09:10:46Z,2026-03-06,20:10,Friday,2026-W10,2026-03,157,5,112,13,8828,125,0.0142,Legend has it they’re still there… 👀 Guess you’ll have to come to SOS tonight to find out.  #unimelb #momuians #universityofmelbourne #unilife #lifeatunimelb
3848884059574535460,DVp-6jwmoUk,https://www.instagram.com/p/DVp-6jwmoUk/,post,image,,2026-03-09T07:52:36Z,2026-03-09,18:52,Monday,2026-W11,2026-03,947,5,97,20,,117,,"EASTER CAMP IS CALLING MOMUIANS 🏕️🔥   We’re heading to The Great Aussie Bush Camp : Campaspe Downs for three days packed with adrenaline, good vibes, and even better company. think soaring down the flying fox 🦊, battling it out in laser tag 🔫, and cruising the water with canoeing 🚣.  This camp is the perfect chance to recharge, meet new people, and make memories before the semester chaos kicks back in 🤍 bring your friends along too because adventures are always better together.  ⚠️ 18+ event — you must be over eighteen to attend  Details:  📅 Date: 8th – 10th April  📍 Location: The Great Aussie Bush Camp – Campaspe Downs, 1320 Kyneton Trentham Rd, Tylden  Pricing 💰  🟣 Group of 3: $175pp (Anytime)  🔴 Early Bird: $175pp (9th – 14th March)  🔵 Standard: $185pp (15th – 22nd March)  🟢 Final Call: $190pp (23rd Mar – 1st April)  🔗 Link in bio to secure your spot now — see you at camp! 🏕️✨   #eastercamp #campgetaway #unimelb #momuians #explore"
3849617702877167184,DVslueVDH5Q,https://www.instagram.com/p/DVslueVDH5Q/,reel,video,,2026-03-10T08:14:05Z,2026-03-10,19:14,Tuesday,2026-W11,2026-03,222,5,179,18,14928,197,0.0132,"Tiga goes crazyyy 👀😭  We hope you enjoyed our summerfest booth, SOS party and Alamak Adventure !! Keep a look out for more exciting events coming to you soon 🔜🔥  #unimelb #student #relatable #explore #universityofmelbourne"
3851787320429611110,DV0TCkIj4hm,https://www.instagram.com/p/DV0TCkIj4hm/,reel,video,,2026-03-13T08:00:00Z,2026-03-13,19:00,Friday,2026-W11,2026-03,502,5,75,14,5153,89,0.0173,"Save Aiman 🛟 Attend the Easter Camp  ⚠️ 18+ event — you must be over eighteen to attend  Details:  📅 Date: 8th – 10th April  📍 Location: The Great Aussie Bush Camp – Campaspe Downs, 1320 Kyneton Trentham Rd, Tylden  Pricing 💰  🟣 Group of 3: $175pp (Anytime)  🔴 Early Bird: $175pp (9th – 14th March)  🔵 Standard: $180pp (15th – 22nd March)  🟢 Final Call: $190pp (23rd Mar – 1st April)  🔗 Link in bio to secure your spot now — see you at camp! 🏕️✨   #eastercamp #campgetaway #unimelb #momuians #saveaiman"
3853236848538139385,DV5cn-Yj7r5,https://www.instagram.com/p/DV5cn-Yj7r5/,reel,video,,2026-03-15T08:00:00Z,2026-03-15,19:00,Sunday,2026-W11,2026-03,66,5,85,12,5746,97,0.0169,What whaat? 🤷🤔  #unimelb #student #relatable #university #momuians
3854686687117245072,DV-mR5yDPqQ,https://www.instagram.com/p/DV-mR5yDPqQ/,reel,video,,2026-03-17T08:02:06Z,2026-03-17,19:02,Tuesday,2026-W12,2026-03,94,5,135,19,9903,154,0.0156,Do you think our presidents are cute?   #unimelb #momuians #studentlife #relatable #university
3856137800925220765,DWDwOY1Go-d,https://www.instagram.com/p/DWDwOY1Go-d/,post,carousel,3,2026-03-19T08:04:29Z,2026-03-19,19:04,Thursday,2026-W12,2026-03,322,5,116,12,,128,,"That’s a wrap on SummerFest! ☀️ We met so many familiar and amazing new faces to welcome to the MoMU fam 🤍 Plus, Tiga 🐯made sure to keep the vibes high all week!  This is only the beginning and we’re so excited for what’s coming this semester! See you all very soon!  #unimelb #student #university #momuians #lifeatunimelb"
3856860644978074944,DWGUlJ0GiVA,https://www.instagram.com/p/DWGUlJ0GiVA/,post,image,,2026-03-20T08:00:00Z,2026-03-20,19:00,Friday,2026-W12,2026-03,191,5,67,9,,76,,"Selamat Hari Raya Aidilfitri🌙 MoMU wishes everyone a joyful celebration filled with love, laughter, and good food with your loved ones💚  #unimelb #student #university #momuians #lifeatunimelb"
3856860794305969064,DWGUnU4vPuo,https://www.instagram.com/p/DWGUnU4vPuo/,reel,video,,2026-03-20T08:00:00Z,2026-03-20,19:00,Friday,2026-W12,2026-03,546,5,85,12,6659,97,0.0146,"Hard to ignore this one 👀 Sign up for the  Easter Camp 8th - 10th April now! 🏕️  ⚠️ 18+ event — you must be over eighteen to attend  Details:  📅 Date: 8th – 10th April  📍 Location: The Great Aussie Bush Camp – Campaspe Downs, 1320 Kyneton Trentham Rd, Tylden  Pricing 💰  🟣 Group of 3: $175pp (Anytime)  🔴 Early Bird: $175pp (9th – 14th March)  🔵 Standard: $185pp (15th – 22nd March)  🟢 Final Call: $190pp (23rd Mar – 1st April)  🔗 Link in bio to secure your spot now — see you at camp! 🏕️✨   #eastercamp #campgetaway #unimelb #momuians #relatable"
3859760229920218287,DWQn3qukxyv,https://www.instagram.com/p/DWQn3qukxyv/,reel,video,,2026-03-24T08:04:02Z,2026-03-24,19:04,Tuesday,2026-W13,2026-03,95,5,118,23,6085,141,0.0232,Triple T is now a member of MOMU 🥳 #unimelb #momuians #universityofmelbourne #malaysia #unilife
3860484332708923828,DWTMgwAE4m0,https://www.instagram.com/p/DWTMgwAE4m0/,post,image,,2026-03-25T08:00:01Z,2026-03-25,19:00,Wednesday,2026-W13,2026-03,856,5,51,13,,64,,"Thinking about furthering your studies in Australia but don't know where to start? We've got you covered!!  Join us for an exclusive evening where Cornerstone representatives will walk you through everything you need to know about applying for higher education in Australia, from higher education visa options to university pathways 🇦🇺🐨  📅 Date: 15 April 2026 🕔 Time: 5.00pm – 7.30pm 📍 Location: The Spot - Level 1 - Room 1022 💸 Price: FREE  What to expect:   🎮 Ice breaker games & prizes up to $300 up for grabs (who loves popmart?) 🎁 🏫 Seminar covering Masters Education & Visa Options 🤝🏻 Networking with Cornerstone representatives 🍲 FREE FOOD  Whether you're just exploring your options or ready to take the next step, don’t miss out on this opportunity! 🤩  🔗 Sign up via the link in our bio!  #MoMU #Cornerstone #studyinaustralia #unimelb #studentlife"
3861934029422797524,DWYWInRvSLU,https://www.instagram.com/p/DWYWInRvSLU/,reel,video,,2026-03-27T08:00:00Z,2026-03-27,19:00,Friday,2026-W13,2026-03,551,5,144,23,8925,167,0.0187,"Me & Gang at the Easter Camp 🦭 Sign up for the  Easter Camp 8th - 10th April now! 🏕️  ⚠️ 18+ event — you must be over eighteen to attend  Details:  📅 Date: 8th – 10th April  📍 Location: The Great Aussie Bush Camp – Campaspe Downs, 1320 Kyneton Trentham Rd, Tylden  Pricing 💰  🟣 Group of 3: $175pp (Anytime)  🔴 Early Bird: $175pp (9th – 14th March)  🔵 Standard: $185pp (15th – 22nd March)  🟢 Final Call: $190pp (23rd Mar – 1st April)  🔗 Link in bio to secure your spot now — see you at camp! 🏕️✨   #eastercamp #campgetaway #unimelb #momuians #relatable"
3864831791300069578,DWipAmVE8jK,https://www.instagram.com/p/DWipAmVE8jK/,post,carousel,4,2026-03-31T07:57:53Z,2026-03-31,18:57,Tuesday,2026-W14,2026-03,465,5,139,26,,165,,"Alamak Adventure Recap!!⭐️⭐️ So many new faces around campus. Shoutout to everyone who showed up, brought the energy, and made it so memorable 🫶 Whether you came with your crew or met new people along the way, we hope you walked away with new friendships, inside jokes, and core memories 📸✨  And of course… BIG congrats to our winners🏆 you guys absolutely smashed it!!!  Until the next adventure… 👀  #unimelb #student #momuians #lifeatunimelb #universityofmelbourne"
3865560170207266935,DWlOn6DGkh3,https://www.instagram.com/p/DWlOn6DGkh3/,post,carousel,7,2026-04-01T08:05:03Z,2026-04-01,19:05,Wednesday,2026-W14,2026-04,217,5,143,13,,156,,"unlock exclusive perks with MoMU 🤍 From food & drinks to entertainment and more — we’ve got you covered.  Show your card, enjoy the deals, and make the most of 2026.  #unimelb #student #relatable #university #momuians"
3866282709853417979,DWny6PiDDH7,https://www.instagram.com/p/DWny6PiDDH7/,reel,video,,2026-04-02T08:02:27Z,2026-04-02,19:02,Thursday,2026-W14,2026-04,74,5,90,14,5233,104,0.0199,AirPod Switch! 🌙  #unimelb #momuians #universityofmelbourne #fyp #hariraya
3867736666559796418,DWs9gGPDNTC,https://www.instagram.com/p/DWs9gGPDNTC/,reel,video,,2026-04-04T08:22:47Z,2026-04-04,19:22,Saturday,2026-W14,2026-04,173,5,121,13,4084,134,0.0328,We hope you guys had as much fun as we did at MoMU’s Alamak Adventure!!!! Looking forward to the next time we meet 😝😝  #unimelb #momuians #summerfest #studentlife #relatable
3868487151294108914,DWvoJFnDFTy,https://www.instagram.com/p/DWvoJFnDFTy/,reel,video,,2026-04-05T09:01:08Z,2026-04-05,19:01,Sunday,2026-W14,2026-04,139,5,85,24,4094,109,0.0266,Easter Camp is right around the corner ⛺️…  Get excited and pack your bags for the best camp ever!  #momuians #unilife #unimelb #reels #fyp
3869934179709764158,DW0xKH1vkI-,https://www.instagram.com/p/DW0xKH1vkI-/,reel,video,,2026-04-07T08:55:05Z,2026-04-07,18:55,Tuesday,2026-W15,2026-04,254,5,82,21,2850,103,0.0361,"A little throwback on what went down at MoMU's Open House on Hari Raya 🤩‼️ An evening filled with laughter, games and delicious food 😋😋 We hope you guys enjoyed this special day as much as we did 💚   #unimelb #momuians #summerfest #studentlife #relatable"
3872835627686562573,DW_E3v1vAsN,https://www.instagram.com/p/DW_E3v1vAsN/,reel,video,,2026-04-11T09:00:00Z,2026-04-11,19:00,Saturday,2026-W15,2026-04,856,5,106,20,6927,126,0.0182,"Thinking about furthering your studies in Australia but don’t know where to start? We’ve got you covered!!  Join us for an exclusive evening where Cornerstone representatives will walk you through everything you need to know about applying for higher education in Australia, from higher education visa options to university pathways 🇦🇺🐨  📅 Date: 15 April 2026 🕔 Time: 5.00pm – 7.30pm 📍 Location: The Spot - Level 1 - Room 1022 💸 Price: FREE  What to expect:   🎮 Ice breaker games & prizes up to $300 up for grabs (who loves popmart?) 🎁 🏫 Seminar covering Masters Education & Visa Options 🤝🏻 Networking with Cornerstone representatives 🍲 FREE FOOD  Whether you’re just exploring your options or ready to take the next step, don’t miss out on this opportunity! 🤩  🔗 Sign up via the link in our bio!  #MoMU #Cornerstone #studyinaustralia #unimelb #studentlife"
3873560921587788387,DXBpyKbEypj,https://www.instagram.com/p/DXBpyKbEypj/,reel,video,,2026-04-12T09:02:16Z,2026-04-12,19:02,Sunday,2026-W15,2026-04,80,5,158,52,8445,210,0.0249,MoMu Easter Camp 🏕️ Music Video 🎶  #unimelb #momuians #unilife #studentlife #fyp
3875735076907681699,DXJYISWmoej,https://www.instagram.com/p/DXJYISWmoej/,post,image,,2026-04-15T09:00:46Z,2026-04-15,19:00,Wednesday,2026-W16,2026-04,956,5,99,26,,125,,"Can’t seem to catch a break after the holidays? Why not come catch a movie with us! 🍿🎬  Whether you’re new to or familiar with MoMU, come join us at MOYTS (The MoMU Movie Experience). ⭐️It’s going to be a calm night away from exams and study stress! 😄😄With two genres playing in 2 different lecture theatres, participants can pick between a chilling horror film 👻or a silly lighthearted movie 😚with refreshments such as snacks and drinks provided.🍟🧋  Details: 📅Date: 30th April 2026  🕦Time: 6:30-9:15pm  📍Location: Lowe & Medley Theatre, Redmond Barry (new location)  💰Pricing:  MoMU Members: $6 Non-MoMU Members: $8 👥Pair Tickets: $10  Two cinemas, playing 🎬 Incantation & 🎤 Pitch Perfect 🎥  🔗Link in bio to secure your tickets for a stress-free night with us! See you there!  P.S. come as your favorite movie character for our best dressed competition and stand a chance to win a $50 Hoyts Gift Card 🤭🥇  #momuians #unimelb #movienight #relatable #student"
3877186499808893281,DXOiJRRDJlh,https://www.instagram.com/p/DXOiJRRDJlh/,reel,video,,2026-04-17T09:05:11Z,2026-04-17,19:05,Friday,2026-W16,2026-04,465,5,79,17,4098,96,0.0234,"Grab your snacks, it’s movie night!! 🍿🎬  Details: 📅Date: 30th April 2026  🕦Time: 6:30-9:15pm  📍Location: Lyle & Latham Theatre, Redmond Barry  💰Pricing:  MoMU Members: $6 Non-MoMU Members: $8 👥Pair Tickets: $10  🔗Link in bio to secure your tickets for a stress-free night with us! See you there!  P.S. come as your favorite movie character for our best dressed competition and stand a chance to win some prizes 🤭🥇  #momuians #unimelb #movienight #relatable #student"
3878634161645975011,DXTrThamnXj,https://www.instagram.com/p/DXTrThamnXj/,post,image,,2026-04-19T09:00:00Z,2026-04-19,19:00,Sunday,2026-W16,2026-04,842,5,156,18,,174,,"MoMU x SSS CRUISE PARTY IS BACK! Come catch a wave with us again 😍💿🌊  Whether you were on the boat last time or missed out, come join us at Throwback Tides – MoMU x SSS collab cruise party 🛥️💥 It’s going to be a big night away from uni stress, with good food, drinks, music, and a photobooth! 🎤🍔 With one boat and one massive throwback theme, participants can expect Y2K bangers and 2000s vibes 💚💙  Details: 📅 Date: 15th May 2026 🕡 Time: 6:30pm 📍 Location: 131 Harbour Esplanade, Docklands  💰 Pricing: Members: $40 Non-Members: $45  👕 Dress code: Y2K / throwback / 2K16 / 2000s  👥 Link in bio to secure your tickets – last year sold out quick! See you there!   ‼️MoMU members, make sure to get your tickets via MoMU’s link in bio & SSS members, make sure to secure yours via SSS’s link in bio 🔗  #momu #student #cruiseparty #unimelb #malaysia"
3880083404331201912,DXY00x2DLV4,https://www.instagram.com/p/DXY00x2DLV4/,reel,video,,2026-04-21T09:01:27Z,2026-04-21,19:01,Tuesday,2026-W17,2026-04,149,5,132,22,8063,154,0.0191,which move are you bringing to the cruise party 👀🕺 (ignore the silence… vibes were there trust 😭)  #unimelb #student #relatable #university #momuians
3881531144223327792,DXd-AKsDAYw,https://www.instagram.com/p/DXd-AKsDAYw/,reel,video,,2026-04-23T08:57:11Z,2026-04-23,18:57,Thursday,2026-W17,2026-04,489,5,87,16,4184,103,0.0246,"Mid-sem stress is scary… but this is scarier. Come find out👻  Details: 📅 Date: 30th April 2026 🕒 Time: 6:30–9:15pm 📍 Location: Lyle & Latham Theatre, Redmond Barry  💰 Pricing: MoMU Members: $6 Non-MoMU Members: $8 👥 Pair Tickets: $10  🔗 Link in bio to secure your tickets for a stress-free night with us! See you there!  P.S. come as your favorite movie character for our best dressed competition and stand a chance to win some prizes 🤭🥇  #momuians #unimelb #movienight #relatable #student"
3882257732414892546,DXgjNarGmoC,https://www.instagram.com/p/DXgjNarGmoC/,post,carousel,3,2026-04-24T09:00:58Z,2026-04-24,19:00,Friday,2026-W17,2026-04,621,5,163,12,,175,,"Who needs to fly to Malaysia when you have Malaysia right here in UniMelb?!?! 🇲🇾🤩  MoMU is back again this year at the UMSUi Night Market with drinks & bites you will be thinking of in your sleep! This year we are cooking up some of our favourites just for you guys! 😛🤞🏻  What's on the menu? 📖 1. Milo Dinosaur 🦖 $5  2. Sparkling Ribena 🍇 $5  3. Teh O Ais Limau 🍋 $5 4. Honey Lemon 🍯 $5  5. Roti Bakar 🥪 $3 (add on only)   📆 Thursday, 7 May 2026 🕐 5-10pm 📍Concrete Lawn (University Plaza)   Grab your FREE ticket from @umsuintl ‘s link in bio now!!  DON'T MISS OUT! 😁  #unimelb #student #nightmarket #university #momuians"
3883707610422942915,DXls36yvZzD,https://www.instagram.com/p/DXls36yvZzD/,reel,video,,2026-04-26T09:00:00Z,2026-04-26,19:00,Sunday,2026-W17,2026-04,68,5,113,18,4937,131,0.0265,Peak fullness behaviour  #fyp #relatable #momuians #unimelb #student
3884432134856677012,DXoRnIwPpaU,https://www.instagram.com/p/DXoRnIwPpaU/,reel,video,,2026-04-27T09:00:00Z,2026-04-27,19:00,Monday,2026-W18,2026-04,758,5,72,16,4228,88,0.0208,"6 7 MoMU MOYTS IS HAPPENING THIS THURSDAY!!  Whether you’re new to or familiar with MoMU, come join us at MOYTS (The MoMU Movie Experience). ⭐️ With Incantation 👻 and Pitch Perfect 🎤 playing in 2 different theatres, participants can pick their watch for the night with refreshments such as snacks and drinks provided.🍟🧋  Details: 📅Date: 30th April 2026  🕦Time: 6:30-9:15pm  📍Location: Lowe & Medley Theatre, Redmond Barry (new location)  💰Pricing:  MoMU Members: $6 Non-MoMU Members: $8 👥Pair Tickets: $10  🔗Link in bio to secure your tickets for a stress-free night with us!  ‼️P.S. come as your favorite movie character for our best dressed competition and stand a chance to win a $50 Hoyts Gift Card 🤭🥇‼️  #explore #unimelb #movienight #relatable #student"
3885881792585889283,DXtbObuPXYD,https://www.instagram.com/p/DXtbObuPXYD/,reel,video,,2026-04-29T09:00:00Z,2026-04-29,19:00,Wednesday,2026-W18,2026-04,122,5,94,27,5709,121,0.0212,Come and get a taste of home! See yall at Night Market! #unimelb #momuians #universityofmelbourne #malaysia #lifeatunimelb
3886606645976523369,DXwACcDGmJp,https://www.instagram.com/p/DXwACcDGmJp/,post,carousel,6,2026-04-30T09:00:00Z,2026-04-30,19:00,Thursday,2026-W18,2026-04,294,4,122,14,,136,,"That’s a wrap on MoMU’s Raya celebration 🌙✨ Surrounded by great company, heartfelt conversations, and a warm festive spirit, it was truly a special night 💚 Thank you to everyone who joined us and made it so memorable, we loved celebrating with you all!🎉  #unimelb #student #university #momuians"
3888053997058350932,DX1JIKyM19U,https://www.instagram.com/p/DX1JIKyM19U/,reel,video,,2026-05-02T08:57:16Z,2026-05-02,18:57,Saturday,2026-W18,2026-05,407,5,93,19,5319,112,0.0211,"Don’t be late or you’ll be watching everyone else eat good 👀🇲🇾  What’s on the menu? 📖  1. Milo Dinosaur 🦖 $5 2. Sparkling Ribena 🍇 $5 3. Teh O Ais Limau 🍋 $5 4. Honey Lemon 🍯 $5 5. Roti Bakar 🥪 $3 (add on only)  📅 Thursday, 7 May 2026 🕔 5–10pm 📍 Concrete Lawn (University Plaza)  Grab your FREE ticket from @umsuintl’s link in bio now!!  DON’T MISS OUT! 😁  #unimelb #student #nightmarket #university #momuia"
3892422577350676951,DYEqbYOspHX,https://www.instagram.com/p/DYEqbYOspHX/,reel,video,,2026-05-08T09:37:17Z,2026-05-08,19:37,Friday,2026-W19,2026-05,205,5,71,17,2238,88,0.0393,We can’t believe it’s been a month since Easter Camp 😭😔 But no worries! Here’s a short recap from our first day to remember all the momuries we made ☺️😄   #unimelb #momuians #eastercamp #student #relatable
3893193432014393112,DYHZsylGg8Y,https://www.instagram.com/p/DYHZsylGg8Y/,post,carousel,4,2026-05-09T11:07:24Z,2026-05-09,21:07,Saturday,2026-W19,2026-05,146,5,153,21,,174,,"MoMU Easter Camp recap 🤍 thankful for the memories, laughter & people we met along the way :,)  #unimelb #student #relatable #university #momuians"
3893854660191146803,DYJwC7TsVMz,https://www.instagram.com/p/DYJwC7TsVMz/,reel,video,,2026-05-10T09:05:38Z,2026-05-10,19:05,Sunday,2026-W19,2026-05,254,5,91,20,2466,111,0.045,"Day 2 of easter camp was filled with constant action and seemingly never-ending activities 🤩 from the thrilling giant swing, to the fun team activities, this is a day we definitely won’t be forgetting 👏  #unimelb #student #relatable #university #momuians"
3894579224949757956,DYMUyu0vxgE,https://www.instagram.com/p/DYMUyu0vxgE/,reel,video,,2026-05-11T09:00:00Z,2026-05-11,19:00,Monday,2026-W20,2026-05,147,5,60,17,2082,77,0.037,Easter Camp Day 3 Recap🏕️ Ended Easter Camp off with a thrilling and competitive captain ball tournament🔥 #momuians #unimelb #fyp #relatable #sport
3895307019446506842,DYO6RiRMdVa,https://www.instagram.com/p/DYO6RiRMdVa/,reel,video,,2026-05-12T09:07:30Z,2026-05-12,19:07,Tuesday,2026-W20,2026-05,124,5,86,12,7083,98,0.0138,Cruise party loading… 👀🌊 See you guys at the MoMU x SSS Cruise Party 🛳️💿  #unimelb #student #relatable #university #momuians
3898203026067429070,DYZMv-nGhbO,https://www.instagram.com/p/DYZMv-nGhbO/,post,carousel,3,2026-05-16T09:00:35Z,2026-05-16,19:00,Saturday,2026-W20,2026-05,293,4,95,12,,107,,"Last month, representatives from Cornerstone came to give an insight on ways to further your study in Australia 📚! With icebreakers, games, and special prizes, we want to thank Cornerstone for coming and providing this Valuable information session 👏👏!  #momuians #unilife #cornerstone #unimelb"
3898928323639620320,DYbxqcnP7Lg,https://www.instagram.com/p/DYbxqcnP7Lg/,reel,video,,2026-05-17T09:00:45Z,2026-05-17,19:00,Sunday,2026-W20,2026-05,332,5,74,16,3030,90,0.0297,"Here's a look back from our amazing Cornerstone event filled with insightful takeaways, inspiring advice and a community of students eager to grow their lives in Australia! A massive thanks to the representatives from Cornerstone for your time in hosting this event 📚🇦🇺😄!   #momuians #unilife #cornerstone #unimelb #studyinmelbourne"
3900384641377428108,DYg8yqMsOKM,https://www.instagram.com/p/DYg8yqMsOKM/,reel,video,,2026-05-19T09:15:34Z,2026-05-19,19:15,Tuesday,2026-W21,2026-05,80,5,207,15,6098,222,0.0364,finals season is hitting us hard…  #unimelb #momuians #student #study #relatable
3901826638018255456,DYmEqeOPBpg,https://www.instagram.com/p/DYmEqeOPBpg/,reel,video,,2026-05-21T09:00:00Z,2026-05-21,19:00,Thursday,2026-W21,2026-05,82,5,237,26,11820,263,0.0223,Exam season shenanigans… 🤓  #unimelb #unilife #momuians #studyinmelbourne #student
3903304523562251817,DYrUsiZGnYp,https://www.instagram.com/p/DYrUsiZGnYp/,post,carousel,6,2026-05-23T09:56:20Z,2026-05-23,19:56,Saturday,2026-W21,2026-05,243,5,388,32,,420,,"👏👏 Say hello to our 25/26 MoMU committee!! With so many exciting new faces, we are so glad to have an incredible group of executives, directors, and officers running our own home away from home 🏠❤️   #momuians #fyp #committee #unimelb #unimelb"
3904001149283298164,DYtzFxpv2t0,https://www.instagram.com/p/DYtzFxpv2t0/,reel,video,,2026-05-24T09:00:10Z,2026-05-24,19:00,Sunday,2026-W21,2026-05,79,5,132,17,7350,149,0.0203,don’t be like our hb… LOCK IN😠  #unimelb #relatable #unilife #momuians #student
3905450865076124640,DYy8t6smrvg,https://www.instagram.com/p/DYy8t6smrvg/,post,image,,2026-05-26T09:00:14Z,2026-05-26,19:00,Tuesday,2026-W22,2026-05,448,0,67,8,,75,,"Lock in with MOMU for an afternoon of focus, fun, and free snacks! 🧠✨  Whether you’re grinding through assignments, prepping for exams, or just need a productive space to study with good company — we’ve got you covered.  📅 Date: 30 May ⏰ Time: 12PM – 4PM 📍 Location: Alan Gilbert, G01B–G02  🍕 Snacks and drinks will be provided to keep you fueled!  🔗 Register for free via the link in our bio!  Come through, get stuff done, and lock in with MOMU 💪"
3906905454778396994,DY4Hc-7GjFC,https://www.instagram.com/p/DY4Hc-7GjFC/,post,carousel,3,2026-05-28T09:10:45Z,2026-05-28,19:10,Thursday,2026-W22,2026-05,340,4,89,17,,106,,"MOYTS recap 🎬🍿 Whether you came ready to scream through The Conjuring 😱 or sing your heart out to Pitch Perfect 💛, the vibes were unmatched! From cozy PJs to iconic dress-ups, it was the perfect little escape from the chaos of uni. Huge thanks to everyone who came along and made the night so exciting!!  ##momuians #unilife #moyts #unimelb"
3907625307900584321,DY6rIOYvaGB,https://www.instagram.com/p/DY6rIOYvaGB/,reel,video,,2026-05-29T09:00:11Z,2026-05-29,19:00,Friday,2026-W22,2026-05,78,5,222,10,4361,232,0.0532,Exam Struggles 🥲 #unimelb #momuians #universityofmelbourne #exams #studentlife
3909074655393918396,DY_0rAbPK28,https://www.instagram.com/p/DY_0rAbPK28/,reel,video,,2026-05-31T09:00:09Z,2026-05-31,19:00,Sunday,2026-W22,2026-05,93,5,258,10,8850,268,0.0303,choosing self care when I really shouldn’t 😔  #unimelb #student #exams #relatable #university
3911248986328881343,DZHjDr6PVi_,https://www.instagram.com/p/DZHjDr6PVi_/,reel,video,,2026-06-03T09:00:00Z,2026-06-03,19:00,Wednesday,2026-W23,2026-06,68,5,587,15,12408,602,0.0485,SWOTVAC had me like  #unimelb #student #relatable #university #exams
3913420414292901150,DZPQyHysL0e,https://www.instagram.com/p/DZPQyHysL0e/,reel,video,,2026-06-06T09:00:09Z,2026-06-06,19:00,Saturday,2026-W23,2026-06,331,5,120,17,5019,137,0.0273,"SWOT VAC in 34 seconds 📚  A week of trying to stay productive, drinking way too much coffee, and convincing ourselves we’re not cooked for finals.  Here’s a little glimpse into how MoMU committee is spending their revision week.  Good luck to everyone studying — we’ve got this!   #unimelb #student #relatable #university #momuians"
3915597812780905845,DZW_3cKGjV1,https://www.instagram.com/p/DZW_3cKGjV1/,post,image,,2026-06-09T09:00:44Z,2026-06-09,19:00,Tuesday,2026-W24,2026-06,168,5,82,13,,95,,MoMU wishes everyone best of luck for exam season! May all your hard work pay off and your efforts be rewarded. 🌟📚🤓🥇💪🏻  #momuians #unimelb #student #exam #lifeatunimelb
3917044714736685602,DZcI2onM5Ii,https://www.instagram.com/p/DZcI2onM5Ii/,post,image,,2026-06-11T08:58:57Z,2026-06-11,18:58,Thursday,2026-W24,2026-06,838,5,71,10,,81,,"Pencils down, party up people!! You’ve earned this one 😮‍💨🎉  It’s time to reward yourself for all the hard work you’ve put in for your exams 🎉 and forget about the stress! We’re ending the semester off with our infamous End of Exams Party at District 1 🔥🔥 Just one night, one venue, and zero stress allowed. Whether you’re celebrating or just need to forget that last exam ever happened, this one’s for you. 🪩 🚀  📅 26th June 2026 ⏰ Entry 10:00pm – 11:00pm 📍 District 1 (113 Queen Street) ‼️ENTER BEFORE 10:30PM FOR A FREE DRINK / DRINK CARD‼️ 🎟️ Early Bird $25 | Regular $35 | VIP $45 (INCLUDES 2 FREE DRINKS + 1 WP SHOT)  🖇️ Use code ‘MOMU’ in the link in our bio to grab your discounted tickets now !!  Come catch up with friends as we end the semester and head for the holidays 🫂🔥  #student #endofexams #relatable #studentlife #unimelb"
3919221486655862034,DZj3y1cM3US,https://www.instagram.com/p/DZj3y1cM3US/,reel,video,,2026-06-14T09:01:02Z,2026-06-14,19:01,Sunday,2026-W24,2026-06,403,5,122,16,5068,138,0.0272,GET READY FOR THE END OF EXAMS PARTY!! 🎉 🎊  The great lock in ends soon.  🖇️ Use code ‘MOMU’ in the link in our bio to grab your discounted tickets now !!  📅 26th June 2026 ⏰ Entry 10:00pm – 11:00pm 📍 District 1 (113 Queen Street) ‼️ENTER BEFORE 10:30PM FOR A FREE DRINK / DRINK CARD‼️ 🎟️ Early Bird $25 | Regular $35 | VIP $45 (INCLUDES 2 FREE DRINKS + 1 WP SHOT)  #unimelb #momu #unilife #exp #explore
3922120601459496326,DZuK-ggPBWG,https://www.instagram.com/p/DZuK-ggPBWG/,reel,video,,2026-06-18T09:00:11Z,2026-06-18,19:00,Thursday,2026-W25,2026-06,447,5,110,25,3970,135,0.034,Exams are finally over !! The wait is almost done… EOX party is coming 🔥 Grab your friends and get ready 🪩  🖇️ Use code ‘MOMU’ in the link in our bio to grab your discounted tickets now !!  📅 26th June 2026 ⏰ Entry 10:00pm – 11:00pm 📍 District 1 (113 Queen Street) ‼️ ENTER BEFORE 10:30PM FOR A FREE DRINK / DRINK CARD ‼️  🎟️ Early Bird $25 | Regular $35 | VIP $45 (INCLUDES 2 FREE DRINKS + 1 WP SHOT)  #unilife #student #melbourne #uni #relatable
3924296118911976344,DZ15odBMUOY,https://www.instagram.com/p/DZ15odBMUOY/,reel,video,,2026-06-21T09:03:33Z,2026-06-21,19:03,Sunday,2026-W25,2026-06,74,5,78,8,4143,86,0.0208,Did someone say Yochi?  #unimelb #student #relatable #university #momuians
3926469302560716152,DZ9nwcAm3V4,https://www.instagram.com/p/DZ9nwcAm3V4/,post,carousel,3,2026-06-24T09:00:03Z,2026-06-24,19:00,Wednesday,2026-W26,2026-06,391,5,192,15,,207,,"MoMU’s cruise party is undoubtedly one of the many anticipated events of the year —— did you manage to catch it? 🧐🤨  Here are some pics to remind us all how vibrant, fun and colourful the whole night was, with a DJ set 🪩, a dance floor💃, complementary snacks 🍕and a photobooth 📸🎞️, the cruise was definitely crowded with immaculate vibes 🤩🤩😝😝  #student #momu #unimelb #relatable #cruiseparty"
3929427554803568790,DaIIYrGstCW,https://www.instagram.com/p/DaIIYrGstCW/,reel,video,,2026-06-28T10:58:46Z,2026-06-28,20:58,Sunday,2026-W26,2026-06,80,5,61,5,2303,66,0.0287,Throwback to A-Team guys at MOYTS #unimelb #momuians #studentlife #fyp #malaysia
3931331196504483662,DaO5OTmD6dO,https://www.instagram.com/p/DaO5OTmD6dO/,post,carousel,3,2026-07-01T02:00:00Z,2026-07-01,12:00,Wednesday,2026-W27,2026-07,433,5,96,6,,102,,"That’s a wrap on our MoMU Night Market! It was an evening filled with delicious Malaysian favourites, from refreshing Sparkling Ribena and Milo Dinosaur to everyone’s beloved Kaya Toast! Combined with great company and a vibrant atmosphere, it made for a night to remember! Thank you to everyone who came along and helped make the event so special, we’ll see you at the next one! ✨  #unimelb #student #relatable #university #momuians"
3933505615766128373,DaWnoRVvob1,https://www.instagram.com/p/DaWnoRVvob1/,reel,video,,2026-07-04T02:00:12Z,2026-07-04,12:00,Saturday,2026-W27,2026-07,283,5,60,13,2401,73,0.0304,"Throwback to Moyts! Here’s a recap reel from our Moyts event where we screened the movies: Incantation 👻, and Pitch Perfect 🎶! With complimentary goodie bags and unforgettable scares and laughs, this was definitely a night to remember.  #unimelb #momu #unilife #melbourne #movienight"
3934561908118681351,DaaXzWQMncH,https://www.instagram.com/p/DaaXzWQMncH/,post,image,,2026-07-06T02:00:06Z,2026-07-06,12:00,Monday,2026-W28,2026-07,529,5,69,12,,81,,Welcome back party people!! Are you guys ready for another one of MoMU’s SOS parties?🤩🤩   We’re making the first week memorable. You in? 🫪🧐P.S. there’s gonna be unbeatable vibes as we start the semester together !!  📆Date: 7 August ⏰Entry: 10pm-11pm 📍District 1 (113 Queen Street)  🎫 Ticket Prices:  🎟️$25 early bird (till 26 July) 🎟️$35 final release (27 July - 7 August) 🎟️$50 VIP (includes 2 free drinks and 1 WP shot)  🔗 link in our bio to grab your discounted tickets NOW!  #unimelb #student #relatable #university #momuians
3937129264666384867,DajfjTXPBnj,https://www.instagram.com/p/DajfjTXPBnj/,reel,video,,2026-07-09T02:00:11Z,2026-07-09,12:00,Thursday,2026-W28,2026-07,450,5,83,13,5080,96,0.0189,POV: I get my hands on a One Wish Willow…  📆 Date: 7 August ⏰ Entry: 9pm - 10:30pm (9pm - 10pm exclusively for MoMU only) 📍 District 1 (113 Queen Street) ‼️ ENTER BEFORE 10PM FOR A FREE DRINK OR DRINK CARD  🎫 Ticket Prices: 🎟️ $25 early bird (till 26 July) 🎟️$35 final release (27 July - 7 August) 🎟️$50 VIP (includes 2 free drinks and 1 WP shot)  🔗 link in our bio to grab your discounted tickets NOW! #momuians #unimelb #obsession #studentlife #fyp
3942672017185261736,Da3L096M0io,https://www.instagram.com/p/Da3L096M0io/,post,image,,2026-07-17T02:00:06Z,2026-07-17,12:00,Friday,2026-W29,2026-07,645,5,76,15,,91,,"WINTERFEST GAMES NIGHT IS HERE!! Spend the evening with us for a cozy night full of board games, card games, and most importantly, memories 😝❄️!!  Not to mention, there will be VOUCHERS 💸 up for grabs for prizes, and FREE SNACKS AND DRINKS will be provided!  Whether you’re here to hangout with your friends, or make new ones, we’ll guarantee that you start the semester with a night full of laughter and fun 🔥  📆 Date: 31st July 2026 ⏰ Time: 5:30pm-8:30pm 📍 Location: Alan Gilbert Building (Room G18, G20, G21)  🎫 Sign-up Price:  🎟️ Non-members - $5 🎟️ Members - $3  Sign-up link in bio 🔗  See you there! #momu #uni #unimelb #unilife #melbourne"
3944377341433482040,Da9Pks4Pgs4,https://www.instagram.com/p/Da9Pks4Pgs4/,reel,video,,2026-07-19T02:00:07Z,2026-07-19,12:00,Sunday,2026-W29,2026-07,421,5,98,13,4636,111,0.0239,"Winter Game Night is officially here! Before we all get cooked for the semester, enjoy this cozy night with us ❄️, with free snacks, and vouchers up for grabs 💰!  📆 Date: 31st July 2026 ⏰ Time: 5:30pm-8:30pm 📍 Location: Alan Gilbert Building (Room G18, G20, G21)  🎫Sign-up Price:  🎟️ Non-members - $5 🎟️ Members - $3  Sign-up link in bio 🔗 Get ready to get cozy this winter⛄️ #unimelb #momuians #unilife #studentlife #fyp"
3944827676236262265,Da-1972MSt5,https://www.instagram.com/p/Da-1972MSt5/,post,image,,2026-07-20T09:00:21Z,2026-07-20,19:00,Monday,2026-W30,2026-07,645,4,59,12,,71,,"❄️🐯 WARM UP YOUR O-WEEK WITH MOMU 🧣☕  Winter's here & we're bringing all the warm vibes to campus for O-Week 🤍✨  Come find us at the MoMU O-Week booth for cosy chats, friendly faces and a chance to discover what MoMU is all about 💚. Whether you're new to uni or just passing by, swing over, ask us anything, learn how to become a member and see what we have in store for you this sem! 👀❄️  📍 Dates & Locations: 🕛 12pm (all days) 📮 21 Jul (Mon) – Market Hall 🌲 22 Jul (Tue) – South Lawn  Good company and plenty of winter fun are waiting for you ☕🧤 Bring your friends and come say hi, we can't wait to meet you! 💚✨  #student #unimelb #oweek #MoMU"
3945864388161018645,DbChsFEM5sV,https://www.instagram.com/p/DbChsFEM5sV/,reel,video,,2026-07-21T03:18:40Z,2026-07-21,13:18,Tuesday,2026-W30,2026-07,110,3,85,6,4579,91,0.0199,"Want one? Drop by, sign up to our membership, and get your goodie bag from us now!!  #unimelb #momuians #oweek"
3948157486316568511,DbKrFDJMr-_,https://www.instagram.com/p/DbKrFDJMr-_/,post,image,,2026-07-24T09:00:05Z,2026-07-24,19:00,Friday,2026-W30,2026-07,814,5,51,12,,63,,"Have you ever thought about what PwC’s intern/graduate programs are like? 🧐  Well you’re in luck! 🤩  We’ll be bringing together a panel of professionals from PwC, including experienced team members, interns, and graduate associates. This is your opportunity to ask any burning questions you have about breaking into the industry, navigating the application and recruitment process, preparing for a career in professional services, and gaining insights into what it’s like to work at PwC from those who have experienced it firsthand.   📆Date: 5th August 2026  🕥Time:  🇲🇾 3.30pm - 4.30pm (MYT)  🇦🇺 5.30pm - 6.30pm (AEDT) 📍Location: Online  💸Price: FREE   Come along and discover the key to unlocking your future internship!! 🤓   🔗 Sign up via the link in our bio!   #momuians #unimelb #pwc #student #studyinaustralia"
3949660245041869879,DbQAxERM_Q3,https://www.instagram.com/p/DbQAxERM_Q3/,reel,video,,2026-07-26T08:57:59Z,2026-07-26,18:57,Sunday,2026-W30,2026-07,524,5,73,11,4384,84,0.0192,make your uni life one to remember 👀 come to MoMU's SOS party to start off your semester in the best way possible ✨️   📆Date: 7 August ⏰️Entry: 9pm - 10:30pm (9pm - 10pm exclusively for MoMU only) 📍District 1 (113 Queen Street) ‼️ENTER BEFORE 10PM FOR A FREE DRINK OR DRINK CARD  🎟Ticket Prices: 🎫$25 early bird (till 26 July)  🎫$35 final release (27 July - 7 August) 🎫$50 VIP (includes 2 free drinks and 1 WP shot)  🧷link in our bio to grab your DISCOUNTED tickets NOW!  #momuians #SOSparty #unimelb #student #lifeatunimelb
3950385181976917027,DbSlmSZs3Qj,https://www.instagram.com/p/DbSlmSZs3Qj/,post,image,,2026-07-27T09:01:31Z,2026-07-27,19:01,Monday,2026-W31,2026-07,1002,5,45,11,,56,,"Ready to map out your future in Australia? 🇦🇺 Whether you’re planning to stay, work, or study further post-grad, navigating visa pathways doesn’t have to be overwhelming – and MoMU’s here to help you lock it in.  We’ve teamed up with YNJ Migration Consultants for an exclusive evening you won’t want to miss. Ask all your burning questions face-to-face – no judgment, just real advice.  What to expect:  📝 A keynote presentation from Director & Registered Migration Agent Mr. Yapit Japoetra 🎮 Interactive icebreakers to connect with your peers 🤝 A relaxed networking session where you can connect with others 🍛 Light refreshments provided throughout the session   📅 : 12 August 2026  ⏰ : 5:00 – 7:30 PM 📍: PAR-379-B1-B103 Lecture Theatre 1, Melbourne School of Population and Global Health 🎟️ : FREE  Come get the clarity you need, enjoy some good refreshments , and set yourself up for success.   🔗 Register now via the link in our bio!   See you there!!!  #momu #unimelb #unilife #momuians #malaysian"
3951835051124215728,DbXvQqRMk-w,https://www.instagram.com/p/DbXvQqRMk-w/,reel,video,,2026-07-29T09:00:09Z,2026-07-29,19:00,Wednesday,2026-W31,2026-07,411,5,119,14,6869,133,0.0194,"Winterfest Games Night is right around the corner ❄️. Get ready to warm up on campus with MoMU!  We’re starting off the first week of class with cozy vibes and energy to make this winter something to remember ✨. See you there!  🗓️ July 31st | 5:30PM - 8:30PM 📍 Alan Gilbert (G18, G20, G21) 🎟️ Non-members - $5 🎟️ Members - $3  Sign-up link in bio 🔗 Catch you this Friday! #momu #unimelb #unilife #fyp #melbourne"
3954010936007573688,Dbfd_8-vcC4,https://www.instagram.com/p/Dbfd_8-vcC4/,reel,video,,2026-08-01T09:00:06Z,2026-08-01,19:00,Saturday,2026-W31,2026-08,529,5,71,10,4957,81,0.0163,"lowk the best way to start the semester? SOS party is happening next friday, come and join us for the best night at D1 🔥  📆Date: 7 August ⏰Entry: 9pm - 10:30pm (9pm - 10pm exclusively for MoMU only) 📍District 1 (113 Queen Street) ‼️ENTER BEFORE 10PM FOR A FREE DRINK OR DRINK CARD  🎫 Ticket Prices:  🎟️$25 early bird (till 26 July) 🎟️$35 final release (27 July - 7 August) 🎟️$50 VIP (includes 2 free drinks and 1 WP shot)  🔗 link in our bio to grab your discounted tickets NOW!  #unimelb #student #relatable #university #momuians"
3955459738114822778,DbknazFsZJ6,https://www.instagram.com/p/DbknazFsZJ6/,reel,video,,2026-08-03T09:00:23Z,2026-08-03,19:00,Monday,2026-W32,2026-08,676,5,70,8,4201,78,0.0186,"🚨 PWC Sign-ups are still open!! Get ready for our PwC panel discussion this Wednesday! If you have ever wondered how to be competitive in application processes or wanted a look at PwC’s intern and graduate programs, this session is for you. We are bringing together a panel including  experienced team members, interns, and graduate associates for you to ask your burning questions to, and get priceless advice on your possible future!  📅 Date: 5th August 2026 ⏰ Time: 3:30pm - 4:30pm (MYT) 5:30pm - 6:30pm (AEDT) 📍 Location: Online 💸 Price: FREE  Don’t ignore this amazing opportunity  🔗 Grab your FREE tickets in the link in our bio! #unimelb #pwc #momuians #unilife #career"
3956900838700514851,DbpvFkmMH4j,https://www.instagram.com/p/DbpvFkmMH4j/,post,image,,2026-08-05T09:05:05Z,2026-08-05,19:05,Wednesday,2026-W32,2026-08,490,5,92,17,,109,,"Looking for a way to unwind after school in a fun way? Come lepak with us for a chill evening of painting, drinks, and good company! 🤩🤩 You can expect fun cultural painting prompts, great company, tasty drinks, and lots of laughs 😝🤪 See you there! 🙂‍↕️🙂‍↕️  📆Date: 21st August 2026  🕥Time: 6pm - 8.30pm  💸Pricing:  Members: $8  Non-members: $10  📍Location: Alan Gilbert (room G18, 20)   🔗 BUY YOUR TICKETS NOW FROM THE LINK IN OUR BIO!!!!  #momuians #unimelb #student #university #relatable"
3957688065227616365,DbsiFObsfBt,https://www.instagram.com/p/DbsiFObsfBt/,reel,video,,2026-08-06T10:47:16Z,2026-08-06,20:47,Thursday,2026-W32,2026-08,468,5,62,12,5118,74,0.0145,SOS party is tomorrow! Let’s start the semester right with MoMu 😍  📅 Date: 7 August ⏰ Entry: 10-11pm (10pm- 11pm exclusively for MoMu) 📍 District 1 (113 Queen Street) ‼️ ENTER BEFORE 10PM FOR A FREE DRINK OR DRINK CARD  🎟️ Ticket Prices: 🎫 $25 early bird (till 26 July) 🎫 $35 final release (27 July – 7 August) 🎫 $50 VIP (includes 2 free drinks and 1 WP shot) 🔗 Link in our bio to grab your DISCOUNTED tickets NOW!  #momuians #SOSparty #unimelb #student #lifeatunimelb
3959084181467538330,DbxfhZAPaOa,https://www.instagram.com/p/DbxfhZAPaOa/,reel,video,,2026-08-08T09:00:04Z,2026-08-08,19:00,Saturday,2026-W32,2026-08,578,5,84,12,7287,96,0.0132,"Kill two birds with one stone! Come map out your future with YNJ and collect your free kiss 😘 💋  What to expect: 📝 A keynote presentation from Director & Registered Migration Agent Mr. Yapit Japoetra 🎮 Interactive icebreakers to connect with your peers 🤝 A relaxed networking session where you can 🍛 Food will be provided with Roti Bar providing free light refreshments  📅 : 12 August 2026  ⏰ 5:00 – 7:30 PM 📍: B1-B103 Lecture Theatre 1, Melbourne School of Population and Global Health 💰: FREE  🔗 Register now via the link in our bio!  #unimelb #momuians #unilife #fyp #unilife"
3961262502980073422,Db5O0JAM7fO,https://www.instagram.com/p/Db5O0JAM7fO/,reel,video,,2026-08-11T09:09:05Z,2026-08-11,19:09,Tuesday,2026-W33,2026-08,803,5,213,14,18710,227,0.0121,"Your future in Australia starts here! 🇦🇺 Got questions about visas, work, study or staying post-grad? Come get the clarity you need, connect with your peers, and hear real advice from the experts. ✨  What to expect:  📝 A keynote presentation from Director & Registered Migration Agent Mr. Yapit Japoetra 🎮 Interactive icebreakers to connect with your peers 🤝 A relaxed networking session where you can connect with others 🍲 Light refreshments provided throughout the session  📅 12 August 2026 🕔 5:00 – 7:30 PM 📍 PAR-379-B1-B103 Lecture Theatre 1, Melbourne School of Population and Global Health 🎟️ FREE  Come get the clarity you need, enjoy some good refreshments, and set yourself up for success.  🔗 Register now via the link in our bio!  See you there!!!  #momu #unimelb #unilife #momuians #malaysian"
3962706576471629363,Db-XKLPsh4z,https://www.instagram.com/p/Db-XKLPsh4z/,reel,video,,2026-08-13T08:58:23Z,2026-08-13,18:58,Thursday,2026-W33,2026-08,475,5,207,25,10725,232,0.0216,"Prepare your artistic minds for MoMU’s next event, Lepak and Lukis, where you (you guessed it…) LEPAK 🧘‍♂️ AND LUKIS ✍️! But that’s not all… Expect a relaxing and chill evening with loads of laughter, and let your creativity run wild 🤩🤩!  📆Date: 21st August 2026  🕥Time: 6pm - 8.30pm  💸Pricing:  Members: $8  Non-members: $10  📍Location: Alan Gilbert (room G18, 20)   🔗 Come sign up with the link in our bio for a fun-filled evening! #momu #unilife #brotherhood #art #unimelb"
3963432958728743463,DcA8UbcGion,https://www.instagram.com/p/DcA8UbcGion/,post,carousel,5,2026-08-14T09:00:01Z,2026-08-14,19:00,Friday,2026-W33,2026-08,275,5,779,21,,800,,"Finding little pieces of Malaysia around Melbourne 🇲🇾💛 From familiar flavours to familiar places, Melbourne might be more similar to our roots than we might think! Here’s to finding our home away from home together 🫶✨  #momuians #melbourne #unimelb #student #studyinmelbourne"
3965606486372144472,DcIqhazMlVY,https://www.instagram.com/p/DcIqhazMlVY/,reel,video,,2026-08-17T08:59:44Z,2026-08-17,18:59,Monday,2026-W34,2026-08,375,5,96,10,6986,106,0.0152,"Give in to the little push and sign up for Lepak and Lukis ✍️✍️!! Don’t wait until it’s too late to hangout and take advantage of the good vibes this Friday evening 🤩!  📆Date: 21st August 2026  🕥Time: 6pm - 8.30pm  💸Pricing:  Members: $8  Non-members: $10  📍Location: Alan Gilbert (room G18, 20)   🔗 Sign-up link is in our bio! Cya!  #momuians #unilife #explore #unimelb #art"
3970666060053690479,Dcao75_Mzhv,https://www.instagram.com/p/Dcao75_Mzhv/,post,image,,2026-08-24T09:00:05Z,2026-08-24,19:00,Monday,2026-W35,2026-08,768,5,89,20,,109,,"Time for the collab of the CENTURY!! MoMU x MUMSU are bringing students together from both communities for a night filled with fun games with prizes to win, drinks and a live DJ that will keep the energy up and going all night 🤩💃🕺  Whether you’re here to meet new people, catch up with friends, get competitive over some games or just to hit the dance floor, there’s something for everyone! Come through our doors and we can’t wait to see you guys there 👯‍♀️🥂  p.s. FINGER FOODS ARE PROVIDED!!  📆Date: 4th September 2026  🕢Time: 7.30pm - 10pm  📍Location: CQ bar  💸Pricings:  🎟️$25 1 free drink & 1 discounted drink 🎟️$35 2 free drink & 2 discounted drinks   🔗HEAD OVER TO OUR BIO AND CLICK THE LINK TO BUY YOUR TICKETS  #momuians #studentlife #unimelb #barnight #cqbar"
3975032724194999970,DcqJzO4Mj6i,https://www.instagram.com/p/DcqJzO4Mj6i/,reel,video,,2026-08-30T09:08:03Z,2026-08-30,19:08,Sunday,2026-W35,2026-08,351,5,146,16,8383,162,0.0193,"Enderpearl your way to the collab of the century, MoMU x MUMSU — YUM SENG! 🪩  📆Date: 4th September 2026  🕢Time: 7.30pm - 10pm  📍Location: CQ bar  💸Pricings:  🎟️$25 1 free drink & 1 discounted drink 🎟️$35 2 free drink & 2 discounted drinks   🔗HEAD OVER TO OUR BIO AND CLICK THE LINK TO BUY YOUR TICKETS  #momuians #studentlife #unimelb #barnight #cqbar"
3975545152624153745,Dcr-UDCsFSR,https://www.instagram.com/p/Dcr-UDCsFSR/,post,image,,2026-08-31T02:05:37Z,2026-08-31,12:05,Monday,2026-W36,2026-08,173,4,164,8,,172,,"A little piece of Malaysia, wherever we go. Today, we celebrate the home that brings us together!  Selamat Hari Merdeka from MoMU! 🇲🇾🤍  #MoMU #Merdeka #HariMerdeka #Malaysia"
3976478968002530584,DcvSo2Ymk0Y,https://www.instagram.com/p/DcvSo2Ymk0Y/,post,carousel,5,2026-09-01T09:00:03Z,2026-09-01,19:00,Tuesday,2026-W36,2026-09,384,5,165,11,,176,,"Missing home a little extra lately? 🇲🇾🥹  Here are a few ways to feel a little more at home in Melbourne! From eating your favourite Malaysian food 🍜 to finding your people in MoMU, calling home and making new memories along the way 🤍  Home might be far, but a little piece of Malaysia is always with you whereever you go. 🇲🇾✨  #momuians #unimelb #studyinmelbourne #lifeatunimelb #MoMU"
3977203533173499282,Dcx3YqSPCWS,https://www.instagram.com/p/Dcx3YqSPCWS/,reel,video,,2026-09-02T09:00:06Z,2026-09-02,19:00,Wednesday,2026-W36,2026-09,482,5,97,12,6357,109,0.0171,"The long awaited MUMSU x MoMU Bar Night is ALMOST HERE 🍺 !   Prepare to Yum Seng through the night at CQ bar, with a night full of games, music, fun, and prizes 🤩! You will NOT want to miss out on this night.  We can’t wait to see you there!   📆Date: 4th September 2026 🕢Time: 7.30pm - 10pm 📍Location: CQ bar  💸Pricing: 🎟️$25 1 free drink & 1 discounted drink 🎟️$35 2 free drink & 2 discounted drinks  🔗 TICKET LINK IS IN BIO!! GO!!!  #momuians #unilife #bar #melbourne #studentlife"
3980621595897144177,Dc-AkBQsqNx,https://www.instagram.com/p/Dc-AkBQsqNx/,post,image,,2026-09-07T02:12:28Z,2026-09-07,12:12,Monday,2026-W37,2026-09,685,5,91,10,,101,,"It’s time to put on your gear and get ready for MoMU’s one and only annual MoMULYMPICS!!!  With ball games including volleyball, basketball, and captainball, there’s definitely something for everyone! 🤩 Alongside some friendly competition, there’s cool prizes to be won 🥇🏆 You can sign up as a group or individually! Just make sure it’s in the correct form!  Don’t overthink it, JUST SIGN UP AND COME PLAY 🏀🏐 we can’t wait to see you there!  📆 Date: 20th September 2026  🕢 Time: 11:00am to 4:00pm  📍Venue: State Sports Centre (MSAC)  💸 Pricing:  🎟️ Members: $16/person  🎫 Non-members: $20/person  🔗Links in our bio for you to sign up NOW  #momuians #unimelb #sports #games #momulympics"
3980819886618298179,Dc-tph4scdD,https://www.instagram.com/p/Dc-tph4scdD/,post,image,,2026-09-07T09:00:03Z,2026-09-07,19:00,Monday,2026-W37,2026-09,604,5,19,5,,24,,"Want to know more about the positions that lead MoMU? Come on over to our Pre-AGM to get to know more about the roles. Whether you’re looking to join us as part of our teams (Activities, Sponsorships, Publicities) or aiming for an executive role (President, Vice-President, Secretary, Treasurer), this is your only chance to get a more in depth look at how the leaders of MoMU run the club 🧐 Ask away til your heart’s content and prepare for nominations 🗳️  📆 Date: 12th September 2026  🕢 Time: 11:00am to 1:00pm  📍 Venue: Alan Gilbert Theatre L1-109  #momuians #unimelb #relatable #studentlife #election"
